[
  {
    "timestamp": "2025-11-02 21:10:27",
    "event": "cambia_tema",
    "value": "Light",
    "tc": null,
    "edge": null,
    "theme": "{'bg': (1, 1, 1, 1), 'fg': (0, 0, 0, 1), 'btn': (0.9, 0.9, 0.9, 1), 'btn_press': (0.75, 0.75, 0.85, 1), 'menu_bg': (0.85, 0.85, 0.85, 1), 'close_btn': (1, 0, 0, 1)}"
  },
  {
    "timestamp": "2025-11-02 21:10:28",
    "event": "cambia_tema",
    "value": "Dark",
    "tc": null,
    "edge": null,
    "theme": "{'bg': (0, 0, 0, 1), 'fg': (1, 1, 1, 1), 'btn': (0.2, 0.2, 0.2, 1), 'btn_press': (0.35, 0.45, 0.65, 1), 'menu_bg': (0.1, 0.1, 0.1, 1), 'close_btn': (1, 0, 0, 1)}"
  }
]