[
  {
    "timestamp": "2025-11-01 22:12:05",
    "event": "consiglia_mossa",
    "value": "HIT",
    "true_count": 1.2,
    "edge": 3.5,
    "theme": [
      0,
      0,
      0,
      1
    ]
  },
  {
    "timestamp": "2025-11-01 22:12:05",
    "event": "cambia_tema",
    "value": "light_mode",
    "true_count": null,
    "edge": null,
    "theme": [
      1,
      1,
      1,
      1
    ]
  },
  {
    "timestamp": "2025-11-01 22:12:05",
    "event": "feedback",
    "value": "Ottima app!",
    "true_count": null,
    "edge": null,
    "theme": "None"
  },
  {
    "timestamp": "2025-11-01 22:31:36",
    "event": "consiglia_mossa",
    "value": "STAND",
    "true_count": 1.3,
    "edge": 2.3,
    "theme": [
      1,
      1,
      1,
      1
    ]
  },
  {
    "timestamp": "2025-11-01 22:31:38",
    "event": "consiglia_puntata",
    "value": "base bet",
    "true_count": 0,
    "edge": 0.4,
    "theme": [
      1,
      1,
      1,
      1
    ]
  },
  {
    "timestamp": "2025-11-01 22:31:41",
    "event": "consiglia_mossa",
    "value": "DOUBLE",
    "true_count": 2.0,
    "edge": 1.0,
    "theme": [
      1,
      1,
      1,
      1
    ]
  },
  {
    "timestamp": "2025-11-01 22:31:42",
    "event": "consiglia_puntata",
    "value": "x2 base bet",
    "true_count": 0,
    "edge": 3.8,
    "theme": [
      1,
      1,
      1,
      1
    ]
  },
  {
    "timestamp": "2025-11-01 22:31:43",
    "event": "consiglia_mossa",
    "value": "HIT",
    "true_count": -1.5,
    "edge": -1.8,
    "theme": [
      1,
      1,
      1,
      1
    ]
  },
  {
    "timestamp": "2025-11-01 22:32:06",
    "event": "feedback",
    "value": "genera log feedback",
    "true_count": null,
    "edge": null,
    "theme": [
      1,
      1,
      1,
      1
    ]
  },
  {
    "timestamp": "2025-11-01 23:05:18",
    "event": "cambia_tema",
    "value": "Dark",
    "true_count": null,
    "edge": null,
    "theme": [
      0,
      0,
      0,
      1
    ]
  },
  {
    "timestamp": "2025-11-01 23:05:23",
    "event": "consiglia_mossa",
    "value": "SPLIT",
    "true_count": 2.4,
    "edge": -2.0,
    "theme": [
      0,
      0,
      0,
      1
    ]
  },
  {
    "timestamp": "2025-11-01 23:05:24",
    "event": "consiglia_puntata",
    "value": "½ base bet",
    "true_count": 0,
    "edge": -3.7,
    "theme": [
      0,
      0,
      0,
      1
    ]
  }
]